Annual Distance (miles/vehicle),2020.0
LDVs,9028.780579616
HDVs,17311.669818581
aircraft,694891.331596087
rail,163292.8
ships,164.994671481
motorbikes,1780.071378404
