Annual Distance (miles/vehicle),2020.0
LDVs,9074.85973802
HDVs,9846.020949713
aircraft,1054415.674804647
rail,133643.493150685
ships,155.071152046
motorbikes,1542.718162105
