Annual Distance (miles/vehicle),2020.0
LDVs,8999.183713158
HDVs,17393.149404952
aircraft,1187346.027515988
rail,133643.493150685
ships,164.599765406
motorbikes,1773.822400841
