Annual Distance (miles/vehicle),2020.0
LDVs,7917.421448524
HDVs,36176.971309725
aircraft,823354.125732978
rail,19301.288017108
ships,67232.936192519
motorbikes,0.0
