Annual Distance (miles/vehicle),2020.0
LDVs,8121.455666333
HDVs,34873.970788138
aircraft,1154033.584234364
rail,19292.29963247
ships,70449.310883498
motorbikes,0.0
