Annual Distance (miles/vehicle),2020.0
LDVs,8148.525502383
HDVs,34710.520708191
aircraft,675395.428986838
rail,19201.630894099
ships,70308.338194701
motorbikes,0.0
