solar pv,Hour0,Hour1,Hour2,Hour3,Hour4,Hour5,Hour6,Hour7,Hour8,Hour9,Hour10,Hour11,Hour12,Hour13,Hour14,Hour15,Hour16,Hour17,Hour18,Hour19,Hour20,Hour21,Hour22,Hour23
Winter,0,0,0,0,0.0,0.0,0.002924255546832232,0.11402716306383158,0.2930697405324302,0.3475163285073981,0.347778877767021,0.32503598341291257,0.3231452108933488,0.33126891676469855,0.29613954726032654,0.1384818507339944,0.01512966224218391,8.426647324760659e-05,0.0,0.0,0,0,0,0
Spring,0,0,0,0,0.014803216710491219,0.14654009339472207,0.37124778698361355,0.5349711026452212,0.5984399486990405,0.6233081340426813,0.6212641497535759,0.6014058151696462,0.5901090587302436,0.5735395540629401,0.5466395717300445,0.48248997792746834,0.3249256012971295,0.11927971519483782,0.00853981510908079,1.2187299849860455e-05,0,0,0,0
Summer,0,0,0,0,0.05769739911941933,0.33251144500416974,0.6208226152868479,0.7337816345625902,0.7687809981971024,0.763143541519097,0.7532071098759904,0.7381073055178392,0.7352812127677618,0.729453201953188,0.7168232369593551,0.6819932547795712,0.5888030764836065,0.3388245863983171,0.07694612856701669,0.0004032015063628711,0,0,0,0
Fall,0,0,0,0,0.0,0.02667979749755189,0.28180068379912643,0.5596140370042826,0.6256038988133451,0.6171670906484283,0.592397588183549,0.5736675064405208,0.5808412879240418,0.6016786023319762,0.5862964603369311,0.4466466724020554,0.17437777000306817,0.014986953813028637,4.3326279091541386e-05,0.0,0,0,0,0
Summer Peak,0,0,0,0,0.01033134818701028,0.26525135810370576,0.5609361449753487,0.7521061304202599,0.7741303222917933,0.7837408787448262,0.7621171267255024,0.7443375972873916,0.7279996513172359,0.7400929348539689,0.6999688616625568,0.6376604206587275,0.5142448582076976,0.329081470545932,0.06935618240272015,0.0,0,0,0,0
Winter Peak,0,0,0,0,0.0,0.0,0.0,0.01801979334943653,0.05718281089554527,0.05814386654084854,0.06527169591018121,0.05413946801875153,0.04388820780218319,0.027149821979817707,0.035799322787547244,0.01633794597015579,0.0,0.0,0.0,0.0,0,0,0,0
