Unit: dimensionless (ratio of electricity demand in this hour to annual demand),Hour0,Hour1,Hour2,Hour3,Hour4,Hour5,Hour6,Hour7,Hour8,Hour9,Hour10,Hour11,Hour12,Hour13,Hour14,Hour15,Hour16,Hour17,Hour18,Hour19,Hour20,Hour21,Hour22,Hour23
Winter,0,0,0,0,0.0,0.0,0.00307646093429459,0.12257634370787181,0.3186521892034465,0.3785922571947716,0.3783094484496808,0.35274895961549724,0.3496746966766311,0.35768639001230884,0.31847488423890763,0.14782178653068404,0.015930338198229883,8.865248226950355e-05,0.0,0.0,0,0,0,0
Spring,0,0,0,0,0.01625083141566196,0.16087032973754017,0.40755231229119043,0.5872862210533559,0.6569617204761429,0.6842617793441949,0.6820179127070894,0.6602176206603926,0.6478161481945859,0.6296263025512037,0.6000957561486532,0.5296729382802883,0.35670025458520943,0.13094414415791927,0.009374928326236038,1.3379102606249186e-05,0,0,0,0
Summer,0,0,0,0,0.06246511876820513,0.3660981185159136,0.6835555538566217,0.8083051735078477,0.8463343170159249,0.8405105847814616,0.8294250426219981,0.8130614444843692,0.8109781270785391,0.8051926208515224,0.7920056039326914,0.7536582289126228,0.6515527404224738,0.37690461082101817,0.08624934060137156,0.0004348208347030987,0,0,0,0
Fall,0,0,0,0,0.0,0.029288829571037765,0.3093581276826355,0.6143390015191391,0.6867820482146515,0.6775201999383119,0.6503284742020197,0.6297667674621729,0.6376420769831687,0.6605170838293835,0.643630713707132,0.4903244961906216,0.19143026805455055,0.016452536270527836,4.756317975711069e-05,0.0,0,0,0,0
Summer Peak,0,0,0,0,0.011341656409354669,0.2911904343238966,0.6157903991559697,0.8256550026375945,0.849832952347459,0.8603833304026727,0.836644979778442,0.8171267803762967,0.7991911376824336,0.8124670300685775,0.7684192016880604,0.7000175839634254,0.5645331457710567,0.36126252857394053,0.07613856163179179,0.0,0,0,0,0
Winter Peak,0,0,0,0,0.0,0.0,0.0,0.019781958853525582,0.0627747494285212,0.06382978723404255,0.071654650958326,0.059433796377703525,0.04818005978547564,0.029804818005978544,0.039300158255670826,0.017935642693863194,0.0,0.0,0.0,0.0,0,0,0,0
