solar pv dist,Hour0,Hour1,Hour2,Hour3,Hour4,Hour5,Hour6,Hour7,Hour8,Hour9,Hour10,Hour11,Hour12,Hour13,Hour14,Hour15,Hour16,Hour17,Hour18,Hour19,Hour20,Hour21,Hour22,Hour23
Winter,0,0,0,0,0.0,0.0,0.006251894973015582,0.07298829664665576,0.15604572190892005,0.19380874416348318,0.18978533745679452,0.18252076890425076,0.18041962282457102,0.29887211206112446,0.24422715420532398,0.10100660966587834,0.011688193560123707,0.0005669759262628099,0.0,0.0,0,0,0,0
Spring,0,0,0,0,0.0016334667394336305,0.009338427020799222,0.2200328967315505,0.3040484203504942,0.33457643563155665,0.3568878479170456,0.3394465162816082,0.3385293493420653,0.33029379661633623,0.4305833484931175,0.39740237099023695,0.3400377478624703,0.2133019525801952,0.13792371596628464,0.010990843490388695,7.579892062337032e-06,0,0,0,0
Summer,0,0,0,0,0.007225989515702398,0.028002212282979836,0.3441783292454191,0.3950928998541175,0.41576492088683686,0.4170273649785985,0.4154202536109909,0.4082102951313742,0.39953750460892296,0.5569823177671972,0.5466984081181168,0.5071257955401658,0.41963240834255133,0.26493691787300216,0.05099472578912773,0.0002885586495455201,0,0,0,0
Fall,0,0,0,0,0.0,0.0,0.18739282529665965,0.32070100829960896,0.35560852367560647,0.3538194206278435,0.33295607837757496,0.3251251800535017,0.3340592633239592,0.4832178704529348,0.44537233920936503,0.31551661065002173,0.10998125157189564,0.0390516039051604,5.715984178155794e-05,0.0,0,0,0,0
Summer Peak,0,0,0,0,0.005578800557880056,0.023012552301255228,0.21896792189679218,0.4211994421199442,0.4327057182705718,0.36262203626220363,0.36018131101813106,0.37517433751743373,0.42887029288702927,0.6119246861924686,0.48152022315202225,0.40585774058577406,0.14679218967921898,0.150278940027894,0.01290097629009763,0.0,0,0,0,0
Winter Peak,0,0,0,0,0.0,0.0,0.0,0.0017433751743375174,0.0397489539748954,0.037308228730822866,0.03103207810320781,0.04288702928870293,0.01290097629009763,0.019525801952580194,0.018479776847977684,0.008019525801952579,0.0,0.0,0.0,0.0,0,0,0,0
