hydrogen combined cycle,Hour0,Hour1,Hour2,Hour3,Hour4,Hour5,Hour6,Hour7,Hour8,Hour9,Hour10,Hour11,Hour12,Hour13,Hour14,Hour15,Hour16,Hour17,Hour18,Hour19,Hour20,Hour21,Hour22,Hour23
Winter,1.0,1.0,1.0,1.0,1.0,1.0,1.0,1.0,1.0,1.0,1.0,1.0,1.0,1.0,1.0,1.0,1.0,1.0,1.0,1.0,1.0,1.0,1.0,1.0
Spring,0.19896633089536397,0.2000381698479195,0.2022376050318755,0.19896633089536397,0.19896633089536397,0.19754641494963013,0.1830018851631346,0.1652667398279713,0.16050192848433822,0.15852173308613218,0.15755816069444084,0.15597963423704095,0.1556320985766669,0.15516384570092925,0.1556326399094712,0.16837453145757794,0.19899069087155843,0.2216860686927146,0.23204717856741772,0.2350310049848349,0.2300415405274086,0.214130686742807,0.20143480848306758,0.1998660260161454
Summer,0.45744105341449187,0.45566247026370654,0.45259359859606585,0.45415522551442505,0.45619312574512855,0.42221228428591856,0.410776572794693,0.4117949504661597,0.4150807783662265,0.4181370562683967,0.42216877855065627,0.4262875123034403,0.4295241100293946,0.43054306014474636,0.43528804750775224,0.44701799515588264,0.47626300835424734,0.5323018300352821,0.6038201068113876,0.5841572318045244,0.5618588251509875,0.5365808480758744,0.47216373769355424,0.4629943315431588
Fall,0.6324785527141168,0.5935655628944745,0.5697590950552954,0.5808095611962224,0.6151374444146496,0.594803280417167,0.4299255902636454,0.398648729724837,0.3970664760579647,0.40736582074712574,0.41172314160372914,0.4168609756210808,0.428958929612677,0.42856459085049986,0.4642461255548273,0.6583057005458185,0.7142887417932039,0.7341714164832663,0.7120615034014457,0.715351741934725,0.6961630381511856,0.6846651648846416,0.6840675334686711,0.6740768017238227
Summer Peak,0.5776107635353318,0.5776107635353318,0.5776107635353318,0.5776107635353318,0.5776107635353318,0.4788023694282359,0.4788023694282359,0.4788023694282359,0.4788023694282359,0.4788023694282359,0.4788023694282359,0.5776107635353318,0.5776107635353318,0.5776107635353318,0.5776107635353318,0.5776107635353318,0.5776107635353318,0.7748291308055434,0.7804070240212666,0.7748291308055434,0.676070539316445,0.3902035120106333,0.3902035120106333,0.3902035120106333
Winter Peak,1.0,1.0,1.0,1.0,1.0,1.0,1.0,1.0,1.0,1.0,1.0,1.0,1.0,1.0,1.0,1.0,1.0,1.0,1.0,1.0,1.0,1.0,1.0,1.0
